headline_sentiment,summary_sentiment,combined_sentiment,open,high,low,close,volume,daily_return,volatility_20d,volume_change,abnormal_return,log_volume,is_trading_day,news_count,sentiment_lag_1,sentiment_lag_2,sentiment_lag_3,sentiment_lag_4,sentiment_lag_5,next_day_return
0.06743333333333333,0.2627333333333333,0.12602333333333332,267.0,269.72,257.56,260.2,1427218.0,0.0,,0.0,-0.10623995037860262,14.171237652835973,True,3,,,,,,1.4219830899308228
0.0,0.5417833333333334,0.16253499999999999,258.53,268.545,258.0,263.9,1371668.0,1.4219830899308228,,-3.8921874583980887,1.31574313955222,14.131538075478188,True,6,0.12602333333333332,,,,,0.0
0.7506,0.1027,0.55623,258.53,268.545,258.0,263.9,1371668.0,0.0,,0.0,-0.10623995037860262,14.131538075478188,False,1,0.16253499999999999,0.12602333333333332,,,,0.0
0.6369,0.8885,0.71238,258.53,268.545,258.0,263.9,1371668.0,0.0,,0.0,-0.10623995037860262,14.131538075478188,False,1,0.55623,0.16253499999999999,0.12602333333333332,,,17.586206896551726
0.0,0.3612,0.10836,298.68,313.068,298.68,310.31,2988374.0,17.586206896551726,,117.86423536890851,17.479966946173125,14.910239984738078,False,1,0.71238,0.55623,0.16253499999999999,0.12602333333333332,,-0.39960039960039717
0.03771666666666667,0.42674999999999996,0.15442666666666668,309.2,313.1591,307.41,309.07,1721212.0,-0.39960039960039717,,-42.40305932256136,-0.5058403499789998,14.358539251802362,True,6,0.10836,0.71238,0.55623,0.16253499999999999,0.12602333333333332,-2.698417834147593
0.3183666666666667,0.5612,0.3912166666666666,308.6,309.585,299.11,300.73,2541840.0,-2.698417834147593,4.013668553851187,47.67733434347426,-2.8046577845261953,14.74839878618566,True,3,0.15442666666666668,0.10836,0.71238,0.55623,0.16253499999999999,-0.24606790143982815
0.0,0.23835,0.071505,297.79,303.45,296.0,299.99,1511202.0,-0.24606790143982815,4.016611495057226,-40.546926635822864,-0.3523078518184308,14.228415918620122,True,2,0.3912166666666666,0.15442666666666668,0.10836,0.71238,0.55623,1.1933731124370794
0.11842000000000001,0.29932,0.17268999999999998,300.79,305.74,299.02,303.57,1134701.0,1.1933731124370794,4.015022956849421,-24.914008848585432,1.0871331620584768,13.941879738068902,True,5,0.071505,0.3912166666666666,0.15442666666666668,0.10836,0.71238,-1.0277695424449118
0.11870000000000003,-0.3356,-0.017589999999999995,301.0,303.355,299.0,300.45,1419981.0,-1.0277695424449118,4.031962336035035,25.14142492163134,-1.1340094928235145,14.166154049206236,True,2,0.17268999999999998,0.071505,0.3912166666666666,0.15442666666666668,0.10836,-3.3050424363454844
0.23835,0.23835,0.23835,302.72,304.59,290.35,290.52,1944005.0,-3.3050424363454844,4.12958924660775,36.90359237201062,-3.411282386724087,14.480260836015674,True,2,-0.017589999999999995,0.17268999999999998,0.071505,0.3912166666666666,0.15442666666666668,2.6022304832713727
0.139925,0.24780000000000002,0.17228749999999998,291.13,300.93,289.01,298.08,1585650.0,2.6022304832713727,1.1901184623686223,-18.43385176478456,2.4959905328927703,14.276504975864919,True,4,0.23835,-0.017589999999999995,0.17268999999999998,0.071505,0.3912166666666666,-1.5096618357487879
0.11438,0.27608,0.16288999999999998,298.32,300.045,293.27,293.58,1471279.0,-1.5096618357487879,1.2258351391016826,-7.212877999558542,-1.6159017861273905,14.201642648492353,True,5,0.17228749999999998,0.23835,-0.017589999999999995,0.17268999999999998,0.071505,-1.4919272430002017
0.0,0.28773333333333334,0.08632,294.78,296.801,288.67,289.2,2027178.0,-1.4919272430002017,1.125169694684832,37.78338438868494,-1.5981671933788044,14.522155236082863,True,3,0.16288999999999998,0.17228749999999998,0.23835,-0.017589999999999995,0.17268999999999998,-4.623098201936382
0.25289999999999996,0.26355,0.25609499999999996,284.8,285.0,270.45,275.83,4245510.0,-4.623098201936382,1.455536241827759,109.4295616862456,-4.729338152314985,15.261372511853947,True,4,0.08632,0.16288999999999998,0.17228749999999998,0.23835,-0.017589999999999995,0.0
0.0,-0.4023,-0.12068999999999999,284.8,285.0,270.45,275.83,4245510.0,0.0,1.4528648569956721,0.0,-0.10623995037860262,15.261372511853947,False,1,0.25609499999999996,0.08632,0.16288999999999998,0.17228749999999998,0.23835,-1.301526302432654
0.15457500000000002,0.220025,0.17420999999999998,280.97,280.97,267.76,272.24,5589180.0,-1.301526302432654,1.4623509516973594,31.64920115604486,-1.4077662528112567,15.536343143852392,True,4,-0.12068999999999999,0.25609499999999996,0.08632,0.16288999999999998,0.17228749999999998,11.412724066999713
0.14988709677419357,0.3435548387096774,0.20798741935483872,303.0,319.3,298.5,303.31,11386186.0,11.412724066999713,2.8792640449248745,103.71836297990046,11.30648411662111,16.24791142421078,True,31,0.17420999999999998,-0.12068999999999999,0.25609499999999996,0.08632,0.16288999999999998,-7.279680854571224
0.042153333333333334,0.29208666666666666,0.11713333333333333,301.35,305.64,278.14,281.23,8241547.0,-7.279680854571224,1.6277861245325025,-27.61801888709705,-7.385920804949827,15.924698626982643,True,15,0.20798741935483872,0.17420999999999998,-0.12068999999999999,0.25609499999999996,0.08632,2.7699747537602626
-0.22372500000000003,-0.23010000000000003,-0.22563750000000002,275.67,291.375,271.65,289.02,3711405.0,2.7699747537602626,1.7718506683111026,-54.96713177756555,2.66373480338166,15.126921069091985,True,4,0.11713333333333333,0.20798741935483872,0.17420999999999998,-0.12068999999999999,0.25609499999999996,0.19721818559268467
-0.10115,0.13620000000000002,-0.029944999999999986,292.65,294.0,284.84,289.59,2477228.0,0.19721818559268467,1.773719417861256,-33.25363305810064,0.09097823521408205,14.722650751066292,True,2,-0.22563750000000002,0.11713333333333333,0.20798741935483872,0.17420999999999998,-0.12068999999999999,0.0
0.27115,0.21075,0.25303,292.65,294.0,284.84,289.59,2477228.0,0.0,0.6186336154117329,0.0,-0.10623995037860262,14.722650751066292,False,2,-0.029944999999999986,-0.22563750000000002,0.11713333333333333,0.20798741935483872,0.17420999999999998,0.0
-0.17556666666666665,-0.14076666666666668,-0.16512666666666664,292.65,294.0,284.84,289.59,2477228.0,0.0,0.6186336154117329,0.0,-0.10623995037860262,14.722650751066292,False,3,0.25303,-0.029944999999999986,-0.22563750000000002,0.11713333333333333,0.20798741935483872,-1.1568079008252963
0.31366666666666665,0.3752111111111111,0.33213000000000004,289.01,290.91,284.23,286.24,1851897.0,-1.1568079008252963,0.6838738329785744,-25.243175032738208,-1.263047851203899,14.431721077090904,True,9,-0.16512666666666664,0.25303,-0.029944999999999986,-0.22563750000000002,0.11713333333333333,-2.02627166014534
0.357925,0.35855,0.35811249999999994,287.0,288.45,280.37,280.44,1258095.0,-2.02627166014534,0.5148892556043791,-32.06452626684961,-2.1325116105239426,14.045109230084444,True,4,0.33213000000000004,-0.16512666666666664,0.25303,-0.029944999999999986,-0.22563750000000002,1.4619883040935644
0.19592500000000002,0.3918,0.2546875,280.66,290.88,280.66,284.54,1671864.0,1.4619883040935644,0.6254801694740932,32.88853385475659,1.3557483537149617,14.329449729605612,True,4,0.35811249999999994,0.33213000000000004,-0.16512666666666664,0.25303,-0.029944999999999986,3.3844099247908987
0.233025,0.352475,0.26886,287.515,294.39,283.39,294.17,1627972.0,3.3844099247908987,0.9972934491570042,-2.62533316107052,3.2781699744122963,14.302845626379519,True,4,0.2546875,0.35811249999999994,0.33213000000000004,-0.16512666666666664,0.25303,0.6458850324642107
-0.06507142857142857,0.5822285714285714,0.12911857142857144,294.81,298.82,292.04,296.07,1503922.0,0.6458850324642107,0.9600965640912104,-7.619909924740719,0.539645082085608,14.22358692044493,True,7,0.26886,0.2546875,0.35811249999999994,0.33213000000000004,-0.16512666666666664,1.151754652615944
0.03796666666666667,0.4040333333333333,0.14778666666666665,298.0,300.04,294.62,299.48,1395052.0,1.151754652615944,0.9834133675294294,-7.239072239118782,1.0455147022373412,14.148442248528534,True,3,0.12911857142857144,0.26886,0.2546875,0.35811249999999994,0.33213000000000004,-0.4774943234940543
0.2037,0.6213,0.32898,296.54,299.83,294.76,298.05,1332258.0,-0.4774943234940543,0.8479707800211446,-4.5011942207172195,-0.583734273872657,14.102385805019964,True,4,0.14778666666666665,0.12911857142857144,0.26886,0.2546875,0.35811249999999994,0.20130850528434774
0.04159999999999999,0.5348333333333334,0.18957000000000002,297.55,303.295,296.17,298.65,2108727.0,0.20130850528434774,0.8033838880555936,58.28217957782953,0.09506855490574512,14.561595005847446,True,3,0.32898,0.14778666666666665,0.12911857142857144,0.26886,0.2546875,0.003348401138469903
0.08990000000000001,0.61955,0.248795,298.88,301.37,294.2623,298.66,844749.0,0.003348401138469903,0.31589407886826903,-59.94033367050358,-0.10289154924013272,13.646794820793652,True,4,0.18957000000000002,0.32898,0.14778666666666665,0.12911857142857144,0.26886,-1.35940534386928
0.21075,0.13915,0.18926999999999997,300.21,303.656,293.08,294.6,943896.0,-1.35940534386928,0.4249777320921688,11.736859114364151,-1.4656452942478826,13.757771269567009,True,2,0.248795,0.18957000000000002,0.32898,0.14778666666666665,0.12911857142857144,0.0
0.0,0.3818,0.11453999999999999,300.21,303.656,293.08,294.6,943896.0,0.0,0.4249777320921688,0.0,-0.10623995037860262,13.757771269567009,False,1,0.18926999999999997,0.248795,0.18957000000000002,0.32898,0.14778666666666665,-1.65987780040735
0.2553,0.8702,0.43976999999999994,294.65,295.41,287.17,289.71,898844.0,-1.65987780040735,0.5605070460585326,-4.772983464279967,-1.7661177507859527,13.708864772256199,True,2,0.11453999999999999,0.18926999999999997,0.248795,0.18957000000000002,0.32898,4.601152877014969
0.008149999999999998,0.258525,0.08326249999999999,298.85,303.07,295.39,303.04,2013583.0,4.601152877014969,1.1935371426894494,124.01918464160633,4.494912926636366,14.515426280177218,True,4,0.43976999999999994,0.11453999999999999,0.18926999999999997,0.248795,0.18957000000000002,-1.6235480464625196
0.08265,0.32476666666666665,0.15528499999999998,302.54,304.92,297.86,298.12,1316061.0,-1.6235480464625196,1.2236464376493519,-34.64083675716372,-1.7297879968411223,14.090153742376739,True,6,0.08326249999999999,0.43976999999999994,0.11453999999999999,0.18926999999999997,0.248795,2.284315040923124
0.25833333333333336,0.44116666666666665,0.3131833333333333,304.85,307.98,302.375,304.93,1028925.0,2.284315040923124,1.3253713921646957,-21.817833671843477,2.1780750905445214,13.844025125862474,True,3,0.15528499999999998,0.08326249999999999,0.43976999999999994,0.11453999999999999,0.18926999999999997,-2.0234152100482183
0.042666666666666665,0.3257,0.12757666666666664,306.0,306.69,295.71,298.76,1376846.0,-2.0234152100482183,1.4089860981874414,33.814029205238484,-2.129655160426821,14.135305934129008,True,3,0.3131833333333333,0.15528499999999998,0.08326249999999999,0.43976999999999994,0.11453999999999999,0.5857544517338331
0.0,0.3911,0.11732999999999999,302.92,305.82,296.98,300.51,1013271.0,0.5857544517338331,1.3761673636348233,-26.406366434590357,0.4795145013552305,13.828694269664387,True,3,0.12757666666666664,0.3131833333333333,0.15528499999999998,0.08326249999999999,0.43976999999999994,2.5456723569931228
0.16266666666666665,0.06076666666666667,0.13209666666666667,298.0,309.64,298.0,308.16,1165619.0,2.5456723569931228,1.4126044452384163,15.035266972014405,2.4394324066145203,13.968762834347986,True,3,0.11732999999999999,0.12757666666666664,0.3131833333333333,0.15528499999999998,0.08326249999999999,-0.20768431983386737
0.38585,0.3825,0.384845,307.71,309.155,304.1,307.52,1102964.0,-0.20768431983386737,0.9918894944471234,-5.375255550913294,-0.31392427021247,13.913511659443706,True,2,0.13209666666666667,0.11732999999999999,0.12757666666666664,0.3131833333333333,0.15528499999999998,-0.9202653485952061
-0.2263,0.5859,0.017359999999999987,305.45,307.235,301.59,304.69,704206.0,-0.9202653485952061,0.9394710516387763,-36.153310534160674,-1.0265052989738088,13.464826205973523,True,1,0.384845,0.13209666666666667,0.11732999999999999,0.12757666666666664,0.3131833333333333,-2.596081262922978
0.4111,0.31845,0.38330499999999995,301.89,304.65,292.21,296.78,1478286.0,-2.596081262922978,1.1182697624525617,109.92238066702073,-2.7023212133015804,14.206393866506787,True,2,0.017359999999999987,0.384845,0.13209666666666667,0.11732999999999999,0.12757666666666664,5.674236808410282
0.10006399999999999,0.392256,0.1877216,313.01,317.0,307.355,313.62,2278222.0,5.674236808410282,1.6941905384499971,54.112397736297304,5.567996858031679,14.638905872147877,True,25,0.38330499999999995,0.017359999999999987,0.384845,0.13209666666666667,0.11732999999999999,4.164275237548631
0.13246,0.42133000000000004,0.21912099999999998,312.64,326.76,310.5,326.68,3484818.0,4.164275237548631,0.9311602508177843,52.96217840052462,4.0580352871700285,15.063926376996694,True,10,0.1877216,0.38330499999999995,0.017359999999999987,0.384845,0.13209666666666667,-0.5907922125627518
0.2266,0.27995,0.242605,326.55,331.08,322.55,324.75,1822724.0,-0.5907922125627518,0.947343505920703,-47.6952885344371,-0.6970321629413545,14.415842643405648,True,8,0.21912099999999998,0.1877216,0.38330499999999995,0.017359999999999987,0.384845,-1.6135488837567435
0.46746666666666664,0.9282,0.6056866666666666,325.0,328.63,318.1,319.51,1229189.0,-1.6135488837567435,1.0285835073654606,-32.56307592372735,-1.7197888341353462,14.021865160288565,True,3,0.242605,0.21912099999999998,0.1877216,0.38330499999999995,0.017359999999999987,-3.5366655190760876
0.0,0.9042,0.27126,318.99,319.05,307.67,308.21,2137706.0,-3.5366655190760876,0.8526312396161606,73.9119045159044,-3.64290546945469,14.575243849418356,True,1,0.6056866666666666,0.242605,0.21912099999999998,0.1877216,0.38330499999999995,0.0
0.5267,0.0,0.36868999999999996,318.99,319.05,307.67,308.21,2137706.0,0.0,0.8526312396161606,0.0,-0.10623995037860262,14.575243849418356,False,1,0.27126,0.6056866666666666,0.242605,0.21912099999999998,0.1877216,0.25631874371370156
0.40355,0.009625000000000009,0.28537250000000003,309.46,312.16,305.3656,309.0,1547978.0,0.25631874371370156,0.8590750129127401,-27.586955362430565,0.15007879333509894,14.252460121144514,True,4,0.36868999999999996,0.27126,0.6056866666666666,0.242605,0.21912099999999998,0.3236245954692629
0.08449,0.22549000000000002,0.12678999999999999,319.0,319.375,306.08,310.0,1808771.0,0.3236245954692629,0.8675185999109397,16.847332455629214,0.2173846450906603,14.40815816708849,True,10,0.28537250000000003,0.36868999999999996,0.27126,0.6056866666666666,0.242605,1.7709677419354808
0.020775000000000002,0.26185,0.0930975,311.0,316.11,309.29,315.49,1139403.0,1.7709677419354808,0.9740446590835349,-37.00678527021939,1.6647277915568781,13.946014998989684,True,8,0.12678999999999999,0.28537250000000003,0.36868999999999996,0.27126,0.6056866666666666,-3.00484959903643
0.14461428571428572,0.36678571428571427,0.21126571428571425,313.14,314.8365,300.79,306.01,2135640.0,-3.00484959903643,0.8022584017529414,87.43499885466338,-3.1110895494150324,14.57427692553203,True,7,0.0930975,0.12678999999999999,0.28537250000000003,0.36868999999999996,0.27126,2.2907748112806825
0.4063,0.0,0.28441,307.23,316.7,305.85,313.02,2047135.0,2.2907748112806825,0.9557924779159581,-4.144190968515293,2.18453486090208,14.531951812639791,True,2,0.21126571428571425,0.0930975,0.12678999999999999,0.28537250000000003,0.36868999999999996,0.0
0.0,0.8481,0.25443,307.23,316.7,305.85,313.02,2047135.0,0.0,0.9557924779159581,0.0,-0.10623995037860262,14.531951812639791,False,1,0.28441,0.21126571428571425,0.0930975,0.12678999999999999,0.28537250000000003,-0.575043128234598
0.07066666666666667,0.32056666666666667,0.14563666666666666,312.67,317.4519,310.88,311.22,1326030.0,-0.575043128234598,0.9660598959418184,-35.225082859703924,-0.6812830786132007,14.097700073906406,True,3,0.25443,0.28441,0.21126571428571425,0.0930975,0.12678999999999999,-0.42413726624254133
0.3774666666666667,0.23763333333333336,0.33551666666666663,310.0,312.31,305.4901,309.9,1218652.0,-0.42413726624254133,0.8778135278184577,-8.097705180124127,-0.530377216621144,14.013255887804705,True,3,0.14563666666666666,0.25443,0.28441,0.21126571428571425,0.0930975,0.0
0.41786666666666666,0.5344,0.45282666666666666,310.0,312.31,305.4901,309.9,1218652.0,0.0,0.8778135278184577,0.0,-0.10623995037860262,14.013255887804705,False,3,0.33551666666666663,0.14563666666666666,0.25443,0.28441,0.21126571428571425,1.2875121006776347
0.18946666666666667,0.5194333333333333,0.28845666666666664,311.64,317.3,310.65,313.89,1476162.0,1.2875121006776347,0.9300809789189484,21.13072476802238,1.181272150299032,14.204956034217355,True,3,0.45282666666666666,0.33551666666666663,0.14563666666666666,0.25443,0.28441,1.2265443308165258
0.1522285714285714,0.7060571428571428,0.31837714285714286,311.71,319.04,308.4,317.74,1399924.0,1.2265443308165258,0.6567930757149782,-5.164609304398837,1.1203043804379231,14.15192850739768,True,7,0.28845666666666664,0.45282666666666666,0.33551666666666663,0.14563666666666666,0.25443,0.0
0.0,0.4898,0.14694,311.71,319.04,308.4,317.74,1399924.0,0.0,0.43273444843707587,0.0,-0.10623995037860262,14.15192850739768,False,2,0.31837714285714286,0.28845666666666664,0.45282666666666666,0.33551666666666663,0.14563666666666666,0.0
0.0,0.4792,0.14376,311.71,319.04,308.4,317.74,1399924.0,0.0,0.4054628751647828,0.0,-0.10623995037860262,14.15192850739768,False,2,0.14694,0.31837714285714286,0.28845666666666664,0.45282666666666666,0.33551666666666663,-0.865487505507645
0.0988,-0.09866666666666667,0.03955999999999999,317.74,319.5,310.67,314.99,1485067.0,-0.865487505507645,0.44575648602613477,6.081973021392595,-0.9717274558862476,14.210970447046275,True,3,0.14376,0.14694,0.31837714285714286,0.28845666666666664,0.45282666666666666,1.9968887901202992
0.10115,0.7517,0.296315,317.91,322.73,312.615,321.28,1040853.0,1.9968887901202992,0.6170500179824792,-29.912051106111715,1.8906488397416965,13.855551127251342,True,2,0.03955999999999999,0.14376,0.14694,0.31837714285714286,0.28845666666666664,-0.7221115537848544
0.10115,0.07655,0.09376999999999999,320.0,321.9999,316.19,318.96,1245607.0,-0.7221115537848544,0.6485968386901781,19.671749997357946,-0.828351504163457,14.035133519267767,True,2,0.296315,0.03955999999999999,0.14376,0.14694,0.31837714285714286,-1.1223977928266793
0.0625,0.302925,0.13462749999999998,319.29,324.56,314.24,315.38,1492581.0,-1.1223977928266793,0.6492540464215791,19.827602124907774,-1.228637743205282,14.216017394133042,True,4,0.09376999999999999,0.296315,0.03955999999999999,0.14376,0.14694,-0.5041537193227086
0.7269,0.7096,0.72171,315.39,317.99,306.21,313.79,4934951.0,-0.5041537193227086,0.5937366075716619,230.63203940020674,-0.6103936697013113,15.411853301722411,True,1,0.13462749999999998,0.09376999999999999,0.296315,0.03955999999999999,0.14376,0.0
0.3818,0.8834,0.5322799999999999,315.39,317.99,306.21,313.79,4934951.0,0.0,0.5937366075716619,0.0,-0.10623995037860262,15.411853301722411,False,1,0.72171,0.13462749999999998,0.09376999999999999,0.296315,0.03955999999999999,0.0159342235252824
-0.12726666666666667,0.26803333333333335,-0.008676666666666647,313.64,314.42,306.81,313.84,1080523.0,0.0159342235252824,0.5938332585782694,-78.10468634845614,-0.09030572685332022,13.892955741143988,True,3,0.5322799999999999,0.72171,0.13462749999999998,0.09376999999999999,0.296315,0.54486362477697
0.19385,0.23446666666666668,0.20603499999999997,314.02,316.645,309.43,315.55,913259.0,0.54486362477697,0.6090376084132723,-15.47991111711643,0.4386236743983674,13.72477479952274,True,6,-0.008676666666666647,0.5322799999999999,0.72171,0.13462749999999998,0.09376999999999999,-0.23768024084931394
0.3941,0.51585,0.4306249999999999,315.3,316.08,311.01,314.8,661797.0,-0.23768024084931394,0.5793162403353509,-27.534576719200142,-0.34392019122791656,13.402714141367806,True,2,0.20603499999999997,-0.008676666666666647,0.5322799999999999,0.72171,0.13462749999999998,0.6512071156289823
0.31845,0.466325,0.3628125,315.0,317.09,313.53,316.85,939759.0,0.6512071156289823,0.37826789821274853,42.001097013132416,0.5449671652503796,13.753378738395728,True,4,0.4306249999999999,0.20603499999999997,-0.008676666666666647,0.5322799999999999,0.72171,-0.9910052075114528
0.1909,0.8217,0.3801399999999999,321.94,322.0,309.01,313.71,1733351.0,-0.9910052075114528,0.3244746161552101,84.44633145306403,-1.0972451578900555,14.365567087139297,True,2,0.3628125,0.4306249999999999,0.20603499999999997,-0.008676666666666647,0.5322799999999999,-0.6885339963660586
-0.20095,0.8869,0.12540500000000002,315.26,315.43,310.64,311.55,1448711.0,-0.6885339963660586,0.35651128714849123,-16.421371089871585,-0.7947739467446613,14.186184753515343,True,2,0.3801399999999999,0.3628125,0.4306249999999999,0.20603499999999997,-0.008676666666666647,-2.10560102712245
0.03989999999999999,0.34956,0.132798,308.0,312.31,304.85,304.99,2220209.0,-2.10560102712245,0.5745654996021659,53.25409967895598,-2.2118409775010526,14.613111893561324,True,5,0.12540500000000002,0.3801399999999999,0.3628125,0.4306249999999999,0.20603499999999997,-1.3147972064657787
-0.053242857142857154,0.5266428571428572,0.12072285714285713,312.73,314.02,297.11,300.98,2288336.0,-1.3147972064657787,0.6070141839689039,3.0684949029573305,-1.4210371568443814,14.643335473846811,True,7,0.132798,0.12540500000000002,0.3801399999999999,0.3628125,0.4306249999999999,0.4285999069705504
0.03715,-0.1703,-0.025085000000000024,302.13,307.44,300.39,302.27,1244537.0,0.4285999069705504,0.5943172079250425,-45.61388712147168,0.32235995659194777,14.03427413116342,True,2,0.12072285714285713,0.132798,0.12540500000000002,0.3801399999999999,0.3628125,0.0
0.0,0.8591,0.25772999999999996,302.13,307.44,300.39,302.27,1244537.0,0.0,0.5943172079250425,0.0,-0.10623995037860262,14.03427413116342,False,1,-0.025085000000000024,0.12072285714285713,0.132798,0.12540500000000002,0.3801399999999999,0.0
0.0,-0.296,-0.08879999999999999,302.13,307.44,300.39,302.27,1244537.0,0.0,0.5943172079250425,0.0,-0.10623995037860262,14.03427413116342,False,1,0.25772999999999996,-0.025085000000000024,0.12072285714285713,0.132798,0.12540500000000002,-0.0396996063122379
0.1797,0.4764,0.26871,302.27,308.12,299.4,302.15,1145359.0,-0.0396996063122379,0.5679913131724835,-7.96906801485211,-0.14593955669084052,13.95122868294589,True,3,-0.08879999999999999,0.25772999999999996,-0.025085000000000024,0.12072285714285713,0.132798,-1.2080092669203957
0.4566,0.38034,0.43372200000000005,303.78,304.87,294.85,298.5,1424671.0,-1.2080092669203957,0.6029810437202083,24.386415089068137,-1.3142492172989984,14.169451467835664,True,5,0.26871,-0.08879999999999999,0.25772999999999996,-0.025085000000000024,0.12072285714285713,-1.2596314907872719
-0.025675,0.3232,0.07898749999999999,294.79,299.38,290.87,294.74,1981722.0,-1.2596314907872719,0.4803572475931745,39.10032561903767,-1.3658714411658746,14.499476721673135,True,4,0.43372200000000005,0.26871,-0.08879999999999999,0.25772999999999996,-0.025085000000000024,-1.553911922372253
0.1468,0.5480666666666667,0.26718,296.66,298.32,288.07,290.16,1817221.0,-1.553911922372253,0.5122738739934993,-8.30091203508867,-1.6601518727508557,14.412818969040982,True,3,0.07898749999999999,0.43372200000000005,0.26871,-0.08879999999999999,0.25772999999999996,1.69906258615935
0.24376000000000003,0.56272,0.33944799999999997,292.23,298.38,290.5,295.09,1782350.0,1.69906258615935,0.6627593546081579,-1.9189190527734379,1.5928226357807473,14.393443276257003,True,5,0.26718,0.07898749999999999,0.43372200000000005,0.26871,-0.08879999999999999,0.0
0.0,0.6124,0.18372000000000002,292.23,298.38,290.5,295.09,1782350.0,0.0,0.6520298590155026,0.0,-0.10623995037860262,14.393443276257003,False,1,0.33944799999999997,0.26718,0.07898749999999999,0.43372200000000005,0.26871,0.121996678979297
0.07604,0.3323,0.152918,298.0,300.72,290.13,295.45,3122106.0,0.121996678979297,0.6537417984570655,75.16795242236374,0.01575672860069438,14.954018332075629,True,5,0.18372000000000002,0.33944799999999997,0.26718,0.07898749999999999,0.43372200000000005,11.961414790996795
0.11091000000000001,0.3562333333333333,0.184507,339.5,343.4,326.5,330.79,6669226.0,11.961414790996795,2.7526311092269733,113.6130547777686,11.855174840618192,15.713014369179405,True,30,0.152918,0.18372000000000002,0.33944799999999997,0.26718,0.07898749999999999,1.7322168142930527
0.130825,0.45547499999999996,0.22821999999999995,333.62,346.23,328.76,336.52,5691169.0,1.7322168142930527,0.38733545485274473,-14.66522502011478,1.62597686391445,15.554426233155588,True,8,0.184507,0.152918,0.18372000000000002,0.33944799999999997,0.26718,-2.2494948294306427
0.05393636363636363,0.29012727272727273,0.12479363636363637,336.82,341.0,324.08,328.95,2716343.0,-2.2494948294306427,0.6508061095412289,-52.27091305845952,-2.355734779809245,14.814797048346776,True,11,0.22821999999999995,0.184507,0.152918,0.18372000000000002,0.33944799999999997,-2.149262805897556
0.18575,0.36612500000000003,0.2398625,330.42,331.37,320.2,321.88,1986644.0,-2.149262805897556,0.8053966231372603,-26.863286411178557,-2.2555027562761585,14.501957340912362,True,4,0.12479363636363637,0.22821999999999995,0.184507,0.152918,0.18372000000000002,0.0
0.14145,0.29295,0.18689999999999998,330.42,331.37,320.2,321.88,1986644.0,0.0,0.6771497603046401,0.0,-0.10623995037860262,14.501957340912362,False,2,0.2398625,0.12479363636363637,0.22821999999999995,0.184507,0.152918,0.0
0.0,0.6808,0.20423999999999998,330.42,331.37,320.2,321.88,1986644.0,0.0,0.6771497603046401,0.0,-0.10623995037860262,14.501957340912362,False,1,0.18689999999999998,0.2398625,0.12479363636363637,0.22821999999999995,0.184507,0.5778551012799893
0.13935,0.338625,0.1991325,323.74,328.07,319.73,323.74,1736792.0,0.5778551012799893,0.6990033998031322,-12.576586444274863,0.47161515090138667,14.36755029136334,True,4,0.20423999999999998,0.18689999999999998,0.2398625,0.12479363636363637,0.22821999999999995,2.0417619077037097
0.46647500000000003,0.131675,0.366035,323.35,334.65,321.83,330.35,2508339.0,2.0417619077037097,0.6924775185718789,44.42368458629473,1.935521957325107,14.735131339064765,True,4,0.1991325,0.20423999999999998,0.18689999999999998,0.2398625,0.12479363636363637,4.113818677160586
0.2143,0.30635,0.241915,334.05,344.34,330.14,343.94,2118003.0,4.113818677160586,1.1469596164458749,-15.561532950689683,4.007578726781983,14.56598422157308,True,2,0.366035,0.1991325,0.20423999999999998,0.18689999999999998,0.2398625,-2.163167994417625
0.6859999999999999,0.8291999999999999,0.7289599999999999,345.09,359.375,335.01,336.5,2642530.0,-2.163167994417625,1.2655719626944535,24.765167943577037,-2.2694079447962276,14.787247349547611,True,2,0.241915,0.366035,0.1991325,0.20423999999999998,0.18689999999999998,-1.6790490341753284
0.0,0.0,0.0,326.41,332.4,318.75,330.85,2977814.0,-1.6790490341753284,1.3281669091001225,12.687992189303433,-1.785288984553931,14.906700032249987,True,1,0.7289599999999999,0.241915,0.366035,0.1991325,0.20423999999999998,-2.061357110473039
0.18083333333333332,-0.21789999999999998,0.06121333333333332,302.01,325.59,300.57,324.03,3183507.0,-2.061357110473039,1.3206751338285918,6.907516721998075,-2.1675970608516413,14.973493977274558,True,3,0.0,0.7289599999999999,0.241915,0.366035,0.1991325,1.009165817979829
0.0,0.5719,0.17156999999999997,323.99,330.72,320.38,327.3,1540258.0,1.009165817979829,1.338168847976955,-51.61757143929635,0.9029258676012264,14.247460492825347,True,1,0.06121333333333332,0.0,0.7289599999999999,0.241915,0.366035,-1.2098991750687516
-0.025675,0.584575,0.15739999999999998,329.0,335.3633,323.16,323.34,1320464.0,-1.2098991750687516,1.369525242951677,-14.269946982908055,-1.3161391254473542,14.093493747947091,True,4,0.17156999999999997,0.06121333333333332,0.0,0.7289599999999999,0.241915,4.632894167130575
0.08808,0.22858,0.13022999999999998,328.2,339.49,324.36,338.32,1445099.0,4.632894167130575,1.7120148063527547,9.438727598783458,4.526654216751972,14.183688389292548,True,5,0.15739999999999998,0.17156999999999997,0.06121333333333332,0.0,0.7289599999999999,0.4670134783636648
0.24416000000000002,0.44295999999999996,0.30379999999999996,337.27,343.275,333.67,339.9,1213055.0,0.4670134783636648,1.6599279632368664,-16.05730818442197,0.3607735279850622,14.008652529025222,True,5,0.13022999999999998,0.15739999999999998,0.17156999999999997,0.06121333333333332,0.0,0.0
0.0516,0.5709,0.20738999999999996,337.27,343.275,333.67,339.9,1213055.0,0.0,1.2807346417775107,0.0,-0.10623995037860262,14.008652529025222,False,1,0.30379999999999996,0.13022999999999998,0.15739999999999998,0.17156999999999997,0.06121333333333332,0.13533392174169823
-0.03423333333333333,0.17020000000000002,0.02709666666666667,340.0,343.43,336.51,340.36,918955.0,0.13533392174169823,1.2137286753292618,-24.244572587392987,0.029093971363095605,13.730992433871256,True,3,0.20738999999999996,0.30379999999999996,0.13022999999999998,0.15739999999999998,0.17156999999999997,-1.651192854624517
0.0,0.34506666666666663,0.10352,339.0,340.31,333.8,334.74,2081347.0,-1.651192854624517,1.1773407499554638,126.49063338248338,-1.7574328050031196,14.548525838231443,True,3,0.02709666666666667,0.20738999999999996,0.30379999999999996,0.13022999999999998,0.15739999999999998,-0.11650833482702572
0.0,0.11256666666666666,0.033769999999999994,335.99,338.51,332.37,334.35,1831135.0,-0.11650833482702572,1.1201255908167491,-12.021637910449334,-0.22274828520562834,14.420446551140785,True,3,0.10352,0.02709666666666667,0.20738999999999996,0.30379999999999996,0.13022999999999998,0.3708688500074553
0.13396666666666665,0.5453333333333333,0.25737666666666664,337.0,341.6371,333.91,335.59,2115595.0,0.3708688500074553,0.4027806169589403,15.534627430528069,0.26462889962885267,14.564846654775442,True,3,0.033769999999999994,0.10352,0.02709666666666667,0.20738999999999996,0.30379999999999996,0.5333889567627148
0.3612,0.8074,0.49506,335.21,338.91,332.82,337.38,1513287.0,0.5333889567627148,0.42271477394344015,-28.469910356188212,0.4271490063841122,14.22979466414063,False,1,0.25737666666666664,0.033769999999999994,0.10352,0.02709666666666667,0.20738999999999996,2.1666963068350142
0.13935,0.263825,0.1766925,335.0,346.17,334.565,344.69,2043212.0,2.1666963068350142,0.6452858866204219,35.01814262595264,2.060456356456412,14.530033637383337,True,4,0.49506,0.25737666666666664,0.033769999999999994,0.10352,0.02709666666666667,0.4612840523368744
0.09545,0.437425,0.19804249999999998,346.55,348.8499,342.745,346.28,1557049.0,0.4612840523368744,0.6451134204732363,-23.794055633972388,0.3550441019582718,14.258302921098077,True,4,0.1766925,0.49506,0.25737666666666664,0.033769999999999994,0.10352,-0.7479496361326055
0.14366666666666666,0.46366666666666667,0.23966666666666667,345.16,347.86,343.305,343.69,1756369.0,-0.7479496361326055,0.6718854675465425,12.801138564040059,-0.8541895865112081,14.37875916777584,True,6,0.19804249999999998,0.1766925,0.49506,0.25737666666666664,0.033769999999999994,-0.43353021618318666
0.12327500000000001,0.143525,0.12935,345.01,350.32,340.52,342.2,1706719.0,-0.43353021618318666,0.5525289809105871,-2.826854721302874,-0.5397701665617893,14.350083371939949,True,4,0.23966666666666667,0.19804249999999998,0.1766925,0.49506,0.25737666666666664,0.08474576271186862
0.08495000000000001,0.37785,0.17281999999999997,342.41,347.9796,340.1759,342.49,1490342.0,0.08474576271186862,0.5493193233990104,-12.677951086265516,-0.021494187666734,14.214516181784958,True,6,0.12935,0.23966666666666667,0.19804249999999998,0.1766925,0.49506,0.0
0.0,0.0,0.0,342.41,347.9796,340.1759,342.49,1490342.0,0.0,0.19117609238157188,0.0,-0.10623995037860262,14.214516181784958,False,1,0.17281999999999997,0.12935,0.23966666666666667,0.19804249999999998,0.1766925,-1.8745072848842304
0.0,0.1027,0.030809999999999997,342.5,343.81,333.61,336.07,1184596.0,-1.8745072848842304,0.44879503859269554,-20.51515692371281,-1.980747235262833,13.984912346152072,True,1,0.0,0.17281999999999997,0.12935,0.23966666666666667,0.19804249999999998,1.0116939923230373
0.0,0.2023,0.06069,333.51,343.26,333.0,339.47,1412934.0,1.0116939923230373,0.5180870658830827,19.27560113321334,0.9054540419444346,14.161178951446248,True,1,0.030809999999999997,0.0,0.17281999999999997,0.12935,0.23966666666666667,-0.5626417651044324
0.20448333333333335,0.3343833333333333,0.2434533333333333,338.31,339.54,334.09,337.56,976896.0,-0.5626417651044324,0.527673897359096,-30.860464820012822,-0.6688817154830351,13.79213547704774,True,6,0.06069,0.030809999999999997,0.0,0.17281999999999997,0.12935,0.9390923095153436
0.2202,0.1366,0.19512,338.8,344.5,338.8,340.73,1453065.0,0.9390923095153436,0.5570608568776503,48.743059650157235,0.8328523591367409,14.18918567658281,True,2,0.2434533333333333,0.06069,0.030809999999999997,0.0,0.17281999999999997,0.6309981510286722
0.3953,0.52525,0.4342849999999999,341.17,343.505,337.47,342.88,1077146.0,0.6309981510286722,0.5683990509714745,-25.87076283579881,0.5247582006500695,13.889825508696452,True,2,0.19512,0.2434533333333333,0.06069,0.030809999999999997,0.0,0.0
0.0,0.4404,0.13212,341.17,343.505,337.47,342.88,1077146.0,0.0,0.5683990509714745,0.0,-0.10623995037860262,13.889825508696452,False,1,0.4342849999999999,0.19512,0.2434533333333333,0.06069,0.030809999999999997,0.0
0.0,0.5886,0.17658,341.17,343.505,337.47,342.88,1077146.0,0.0,0.5681398601637422,0.0,-0.10623995037860262,13.889825508696452,False,3,0.13212,0.4342849999999999,0.19512,0.2434533333333333,0.06069,-4.1647223518431975
0.0,0.4404,0.13212,340.05,342.4,326.095,328.6,1632775.0,-4.1647223518431975,1.0923364239218085,51.58344365573468,-4.2709623022218,14.305791579238557,True,1,0.17658,0.13212,0.4342849999999999,0.19512,0.2434533333333333,0.19780888618379233
0.19772,0.25778,0.21573799999999999,327.8,336.38,327.07,329.25,825875.0,0.19780888618379233,1.0951440959587706,-49.41893402336513,0.09156893580518971,13.624198709332187,True,5,0.13212,0.17658,0.13212,0.4342849999999999,0.19512,-0.18830675778284123
0.1909,0.31845,0.22916499999999995,323.38,329.6,322.62,328.63,1541473.0,-0.18830675778284123,0.983158398553081,86.64725291357651,-0.29454670816144385,14.248249010747875,True,2,0.21573799999999999,0.13212,0.17658,0.13212,0.4342849999999999,-1.7831603931473095
0.10276666666666667,0.1616,0.12041666666666667,331.26,331.92,319.07,322.77,1162291.0,-1.7831603931473095,1.049438850908675,-24.59867931517451,-1.8894003435259121,13.965903615334161,True,3,0.22916499999999995,0.21573799999999999,0.13212,0.17658,0.13212,0.0
0.0,0.3818,0.11453999999999999,331.26,331.92,319.07,322.77,1162291.0,0.0,1.049438850908675,0.0,-0.10623995037860262,13.965903615334161,False,1,0.12041666666666667,0.22916499999999995,0.21573799999999999,0.13212,0.17658,0.0
0.0,0.0,0.0,331.26,331.92,319.07,322.77,1162291.0,0.0,1.0153792208598735,0.0,-0.10623995037860262,13.965903615334161,False,1,0.11453999999999999,0.12041666666666667,0.22916499999999995,0.21573799999999999,0.13212,0.40276357777984106
0.24945,0.100475,0.20475749999999998,324.5,329.04,322.35,324.07,828229.0,0.40276357777984106,1.0248690260500894,-28.741683451046253,0.29652362740123844,13.62704496517726,True,4,0.0,0.11453999999999999,0.12041666666666667,0.22916499999999995,0.21573799999999999,0.9041256518653507
0.0,0.26335,0.07900499999999999,326.52,328.15,324.16,327.0,741454.0,0.9041256518653507,1.0388831836638601,-10.47717479103002,0.797885701486748,13.51636840222311,True,2,0.20475749999999998,0.0,0.11453999999999999,0.12041666666666667,0.22916499999999995,3.214067278287458
0.1654,0.6962999999999999,0.32466999999999996,338.25,342.17,337.13,337.51,944148.0,3.214067278287458,1.2938843325475151,27.337366849460665,3.1078273279088555,13.758038212500008,True,2,0.07900499999999999,0.20475749999999998,0.0,0.11453999999999999,0.12041666666666667,0.11555213178868762
0.11751249999999999,0.4218375,0.20880999999999997,337.79,344.5182,337.53,337.9,994441.0,0.11555213178868762,0.863994413186528,5.32681316912178,0.009312181410084996,13.809936049221669,True,8,0.32466999999999996,0.07900499999999999,0.20475749999999998,0.0,0.11453999999999999,0.2752293577981568
0.0,0.0,0.0,343.02,344.0,337.1501,338.83,1129750.0,0.2752293577981568,0.7324341231396005,13.606538748905162,0.1689894074195542,13.937506927273526,True,1,0.20880999999999997,0.32466999999999996,0.07900499999999999,0.20475749999999998,0.0,0.9798423988430782
0.11307500000000001,0.6315500000000001,0.26861749999999995,341.04,346.98,339.28,342.15,950769.0,0.9798423988430782,0.7477527316492871,-15.842531533525117,0.8736024484644755,13.765026409813807,True,4,0.0,0.20880999999999997,0.32466999999999996,0.07900499999999999,0.20475749999999998,5.2813093672366085
0.24109999999999998,0.4669833333333333,0.30886499999999995,350.0,368.29,348.96,360.22,2811760.0,5.2813093672366085,1.3433915057045218,195.73534686133013,5.175069416858006,14.8493211797639,True,6,0.26861749999999995,0.0,0.20880999999999997,0.32466999999999996,0.07900499999999999,1.374160235411681
-0.18774,-0.25488,-0.20788200000000004,363.82,366.79,362.0,365.17,1434068.0,1.374160235411681,1.2054444642143836,-48.99749623011921,1.2679202850330784,14.176025718822162,True,5,0.30886499999999995,0.26861749999999995,0.0,0.20880999999999997,0.32466999999999996,1.0515650245091157
0.29583333333333334,0.49960000000000004,0.3569633333333333,367.0,371.11,363.53,369.01,1777830.0,1.0515650245091157,1.2119190690813493,23.971108761927606,0.945325074130513,14.3909040774364,True,3,-0.20788200000000004,0.30886499999999995,0.26861749999999995,0.0,0.20880999999999997,3.075797403864411
0.1859181818181818,0.2615454545454545,0.20860636363636365,374.83,382.6,371.0,380.36,2547763.0,3.075797403864411,1.3404074321942627,43.307459093389134,2.9695574534858085,14.75072627721938,True,11,0.3569633333333333,-0.20788200000000004,0.30886499999999995,0.26861749999999995,0.0,0.9464717635923714
0.0,0.1909,0.057269999999999995,377.8,386.96,375.711,383.96,1667501.0,0.9464717635923714,0.7702225315992396,-34.55038792854751,0.8402318132137687,14.326836656471887,True,2,0.20860636363636365,0.3569633333333333,-0.20788200000000004,0.30886499999999995,0.26861749999999995,-1.2501302218981047
0.33956666666666663,0.3741666666666667,0.3499466666666667,386.72,389.23,373.08,379.16,1781106.0,-1.2501302218981047,0.8043931167373789,6.812889467532557,-1.3563701722767074,14.392745077625936,True,3,0.057269999999999995,0.20860636363636365,0.3569633333333333,-0.20788200000000004,0.30886499999999995,-2.626859373351631
0.0,0.17279999999999998,0.05184,376.76,377.41,365.91,369.2,2904197.0,-2.626859373351631,1.0222194985036885,63.055820372285545,-2.7330993237302335,14.881667490091532,False,3,0.3499466666666667,0.057269999999999995,0.20860636363636365,0.3569633333333333,-0.20788200000000004,-0.18147345612135046
0.12726666666666667,0.47330000000000005,0.23107666666666662,369.05,373.38,366.25,368.53,1553557.0,-0.18147345612135046,0.9961087798180129,-46.50648699106844,-0.2877134064999531,14.256057698484259,True,3,0.05184,0.3499466666666667,0.057269999999999995,0.20860636363636365,0.3569633333333333,1.8641630260765707
0.24766666666666667,0.42040000000000005,0.2994866666666666,370.49,375.66,367.93,375.4,1565937.0,1.8641630260765707,0.8204365709752371,0.7968809641358598,1.757923075697968,14.263994924838585,True,3,0.23107666666666662,0.05184,0.3499466666666667,0.057269999999999995,0.20860636363636365,-0.1731486414491168
0.0,0.3818,0.11453999999999999,374.46,377.3679,371.53,374.75,1504724.0,-0.1731486414491168,0.8206570738866842,-3.9090333774602692,-0.2793885918277194,14.22412005064303,True,1,0.2994866666666666,0.23107666666666662,0.05184,0.3499466666666667,0.057269999999999995,-0.5737158105403539
0.05875000000000001,0.572925,0.2130025,372.57,376.69,371.74,372.6,946987.0,-0.5737158105403539,0.8280367165012914,-37.0657343140669,-0.6799557609189566,13.761040644513274,True,4,0.11453999999999999,0.2994866666666666,0.23107666666666662,0.05184,0.3499466666666667,-0.30864197530865445
-0.0258,0.4221,0.10857,376.38,379.48,368.11,371.45,1095140.0,-0.30864197530865445,0.8289557019196886,15.644670940572581,-0.41488192568725707,13.906392766941407,True,2,0.2130025,0.11453999999999999,0.2994866666666666,0.23107666666666662,0.05184,0.0
0.20095,0.5292,0.29942499999999994,376.38,379.48,368.11,371.45,1095140.0,0.0,0.791320688050327,0.0,-0.10623995037860262,13.906392766941407,False,2,0.10857,0.2130025,0.11453999999999999,0.2994866666666666,0.23107666666666662,-2.2883295194508046
0.10204999999999997,-0.23835,-7.000000000004225e-05,369.36,371.0,362.31,362.95,1748862.0,-2.2883295194508046,0.8938361749866643,59.69300728673959,-2.394569469829407,14.37447584865795,True,2,0.29942499999999994,0.10857,0.2130025,0.11453999999999999,0.2994866666666666,2.0471139275382244
0.0,0.7615,0.22845,366.58,371.9528,365.03,370.38,1023544.0,2.0471139275382244,0.8392385467819612,-41.47371261997802,1.9408739771596217,13.838781672900533,True,1,-7.000000000004225e-05,0.29942499999999994,0.10857,0.2130025,0.11453999999999999,0.9719747286570657
0.08510000000000001,0.29888333333333333,0.14923499999999998,370.0,376.14,368.35,373.98,1061222.0,0.9719747286570657,0.8657849644485787,3.6811314413449647,0.865734778278463,13.874931632278477,True,6,0.22845,-7.000000000004225e-05,0.29942499999999994,0.10857,0.2130025,-0.07487031392053867
0.2065125,0.4518,0.28009874999999995,379.11,380.0,373.39,373.7,1260659.0,-0.07487031392053867,0.7547698603477304,18.793146014688734,-0.1811102642991413,14.047145158075546,True,8,0.14923499999999998,0.22845,-7.000000000004225e-05,0.29942499999999994,0.10857,-0.321113192400313
0.09866666666666667,0.36400000000000005,0.17826666666666666,375.0,377.18,370.23,372.5,949663.0,-0.321113192400313,0.742505637234059,-24.669319776402652,-0.4273531427789156,13.76386246380062,True,3,0.28009874999999995,0.14923499999999998,0.22845,-7.000000000004225e-05,0.29942499999999994,0.026845637583905457
0.291875,0.53335,0.36431749999999996,373.61,374.2,364.2564,372.6,1085494.0,0.026845637583905457,0.5075087907545011,14.303073827241874,-0.07939431279469716,13.897545740878483,True,4,0.17826666666666666,0.28009874999999995,0.14923499999999998,0.22845,-7.000000000004225e-05,-0.24422973698337014
0.2869428571428571,0.5642857142857143,0.37014571428571424,375.0,376.86,368.41,371.69,997206.0,-0.24422973698337014,0.0889343660817937,-8.133439705792933,-0.35046968736197276,13.81271264746061,True,7,0.36431749999999996,0.17826666666666666,0.28009874999999995,0.14923499999999998,0.22845,-1.329064543033176
0.26495,0.23835,0.25697,372.38,373.9899,366.65,366.75,1242624.0,-1.329064543033176,0.30396552212896805,24.610561909976482,-1.4353044934117787,14.032735830766109,True,2,0.37014571428571424,0.36431749999999996,0.17826666666666666,0.28009874999999995,0.14923499999999998,3.3074301295160202
0.4404,0.7845,0.54363,370.0,384.21,369.42,378.88,1680215.0,3.3074301295160202,0.8196702841898815,35.21507712711167,3.2011901791374178,14.334432319381664,True,1,0.25697,0.37014571428571424,0.36431749999999996,0.17826666666666666,0.28009874999999995,0.0
0.0,0.7506,0.22518,370.0,384.21,369.42,378.88,1680215.0,0.0,0.8196702841898815,0.0,-0.10623995037860262,14.334432319381664,False,1,0.54363,0.25697,0.37014571428571424,0.36431749999999996,0.17826666666666666,0.8155616554054168
0.26776666666666665,0.5405,0.34958666666666655,377.43,382.55,376.06,381.97,1091979.0,0.8155616554054168,0.8360238524983034,-35.009567228003554,0.7093217050268141,13.903502204332844,True,3,0.22518,0.54363,0.25697,0.37014571428571424,0.36431749999999996,1.4817917637510725
0.0843,0.41357999999999995,0.18308399999999997,381.99,389.48,381.8,387.63,1945597.0,1.4817917637510725,0.8826759257534814,78.17164982110462,1.3755518133724698,14.481079428812007,True,5,0.34958666666666655,0.22518,0.54363,0.25697,0.37014571428571424,-2.0096483760286943
0.0,0.0,0.0,387.63,388.73,378.9,379.84,1289776.0,-2.0096483760286943,1.012040590927513,-33.70795699212118,-2.1158883264072967,14.06997911784924,True,1,0.18308399999999997,0.34958666666666655,0.22518,0.54363,0.25697,-0.7819081718618337
0.13119999999999998,0.552625,0.25762749999999995,382.0,383.59,376.03,376.87,897584.0,-0.7819081718618337,1.028700875670916,-30.407760727444145,-0.8881481222404364,13.707461988279753,True,4,0.0,0.18308399999999997,0.34958666666666655,0.22518,0.54363,0.607636585560023
0.2263,-0.7269,-0.05965999999999999,376.7,382.9999,376.0,379.16,789763.0,0.607636585560023,1.0353454116939171,-12.012357617782843,0.5013966351814203,13.579488179434202,True,1,0.25762749999999995,0.0,0.18308399999999997,0.34958666666666655,0.22518,0.0
0.0,0.0,0.0,376.7,382.9999,376.0,379.16,789763.0,0.0,1.0353454116939171,0.0,-0.10623995037860262,13.579488179434202,False,1,-0.05965999999999999,0.25762749999999995,0.0,0.18308399999999997,0.34958666666666655,1.3714526848823683
-0.035899999999999994,0.25148000000000004,0.05031399999999999,388.0,388.555,381.1,384.36,1301059.0,1.3714526848823683,1.0727932137748675,64.74043478866444,1.2652127345037656,14.07868910619735,True,5,0.0,-0.05965999999999999,0.25762749999999995,0.0,0.18308399999999997,1.787386824851711
0.2083,0.1953,0.2044,386.7,397.195,384.22,391.23,1923330.0,1.787386824851711,0.794350401302436,47.828038543986096,1.6811468744731084,14.469568616712417,True,3,0.05031399999999999,0.0,-0.05965999999999999,0.25762749999999995,0.0,0.7131354957441882
-0.026600000000000013,0.488,0.12778,391.68,395.68,389.14,394.02,1345886.0,0.7131354957441882,0.7420103942026336,-30.0231369551767,0.6068955453655855,14.112563090206194,True,4,0.2044,0.05031399999999999,0.0,-0.05965999999999999,0.25762749999999995,-2.2638444748997455
0.3256333333333334,0.6831333333333333,0.4328833333333333,390.08,393.74,381.67,385.1,1786507.0,-2.2638444748997455,0.9093635918502588,32.7383597124868,-2.370084425278348,14.395772874713884,True,3,0.12778,0.2044,0.05031399999999999,0.0,-0.05965999999999999,-0.15580368735393924
0.0,0.0,0.0,382.51,389.33,380.63,384.5,1545695.0,-0.15580368735393924,0.7570897434482651,-13.479488185604648,-0.26204363773254186,14.25098420535482,True,1,0.4328833333333333,0.12778,0.2044,0.05031399999999999,0.0,-0.48634590377113485
0.171525,0.171425,0.171495,380.27,384.07,378.38,382.63,1019440.0,-0.48634590377113485,0.7682996917944204,-34.04649688327904,-0.5925858541497375,13.834764014886161,True,4,0.0,0.4328833333333333,0.12778,0.2044,0.05031399999999999,2.2293076862765604
0.46605,0.41845,0.45177,386.1,392.12,376.04,391.16,2029560.0,2.2293076862765604,0.8550963846479337,99.08577258102487,2.123067735897958,14.523329578756089,True,2,0.171495,0.0,0.4328833333333333,0.12778,0.2044,2.219040801717953
0.38869999999999993,0.50176,0.42261799999999994,399.0,403.76,391.42,399.84,2694520.0,2.219040801717953,0.9778016441995606,32.76375174914761,2.1128008513393506,14.806730638855512,True,5,0.45177,0.171495,0.0,0.4328833333333333,0.12778,0.21008403361344463
-0.08333333333333333,0.24503333333333333,0.015176666666666663,399.15,405.93,397.33,400.68,2038256.0,0.21008403361344463,0.9040405953978716,-24.355506732182352,0.10384408323484201,14.52760509822253,True,3,0.42261799999999994,0.45177,0.171495,0.0,0.4328833333333333,0.0
0.0,0.0,0.0,399.15,405.93,397.33,400.68,2038256.0,0.0,0.8935540229764917,0.0,-0.10623995037860262,14.52760509822253,False,1,0.015176666666666663,0.42261799999999994,0.45177,0.171495,0.0,0.0
0.0,0.0,0.0,399.15,405.93,397.33,400.68,2038256.0,0.0,0.8935540229764917,0.0,-0.10623995037860262,14.52760509822253,False,1,0.0,0.015176666666666663,0.42261799999999994,0.45177,0.171495,2.3734651093141546
0.0,0.2247333333333333,0.06742,405.11,412.95,404.79,410.19,3289863.0,2.3734651093141546,0.8519571861183534,61.40578023565244,2.267225158935552,15.006356480537145,True,3,0.0,0.0,0.015176666666666663,0.42261799999999994,0.45177,2.2428630634584
0.146,0.33265999999999996,0.201998,415.81,420.0,411.4,419.39,6596682.0,2.2428630634584,0.945253574974592,100.51540140121338,2.1366231130797977,15.702077353314204,True,15,0.06742,0.0,0.0,0.015176666666666663,0.42261799999999994,11.440425379718167
0.22196521739130434,0.3170391304347826,0.2504873913043478,460.26,473.0,445.0001,467.37,12048765.0,11.440425379718167,2.6021867067929225,82.6488680218328,11.334185429339565,16.304472723021963,True,23,0.201998,0.06742,0.0,0.0,0.015176666666666663,2.167447632496744
0.25685714285714284,0.2302142857142857,0.2488642857142857,471.0,489.69,466.36,477.5,5040192.0,2.167447632496744,0.48465602439337374,-58.16839319216533,2.0612076821181415,15.432954734560042,True,7,0.2504873913043478,0.201998,0.06742,0.0,0.0,-4.016753926701577
0.10115,0.63455,0.26116999999999996,474.0,474.0,457.54,458.32,3024154.0,-4.016753926701577,1.0427984782557858,-39.99923018805632,-4.12299387708018,14.922141940910805,True,2,0.2488642857142857,0.2504873913043478,0.201998,0.06742,0.0,0.0
0.0,0.0,0.0,474.0,474.0,457.54,458.32,3024154.0,0.0,1.0427984782557858,0.0,-0.10623995037860262,14.922141940910805,False,1,0.26116999999999996,0.2488642857142857,0.2504873913043478,0.201998,0.06742,-0.8640251352766581
0.0,0.3141,0.09422999999999998,460.64,460.64,452.49,454.36,2950157.0,-0.8640251352766581,1.0565727217198562,-2.44686613181736,-0.9702650856552608,14.897368947238833,True,2,0.0,0.26116999999999996,0.2488642857142857,0.2504873913043478,0.201998,2.084250374152652
0.3769,0.51156,0.417298,454.3,465.21,450.0,463.83,2799585.0,2.084250374152652,1.1676109945012774,-5.103863963850063,1.9780104237740492,14.844981749874895,True,5,0.09422999999999998,0.0,0.26116999999999996,0.2488642857142857,0.2504873913043478,1.3323847099152797
0.4939,0.0,0.34573,467.78,473.0,460.6487,470.01,2386422.0,1.3323847099152797,1.2068510050087498,-14.758008776300768,1.226144759536677,14.685305731047322,True,1,0.417298,0.09422999999999998,0.0,0.26116999999999996,0.2488642857142857,0.1468053871194197
0.0,0.34,0.10200000000000001,468.22,473.62,465.5035,470.7,2181792.0,0.1468053871194197,1.2070722947781212,-8.574761714399216,0.040565436740817085,14.595657115441849,True,1,0.34573,0.417298,0.09422999999999998,0.0,0.26116999999999996,0.9220310176333291
0.246525,0.27795000000000003,0.25595249999999997,471.81,480.09,469.49,475.04,2296207.0,0.9220310176333291,1.2228676052347567,5.244083762338492,0.8157910672547264,14.64676918915214,True,4,0.10200000000000001,0.34573,0.417298,0.09422999999999998,0.0,0.0
0.12689999999999999,0.34185,0.19138499999999997,471.81,480.09,469.49,475.04,2296207.0,0.0,1.120715931769777,0.0,-0.10623995037860262,14.64676918915214,False,2,0.25595249999999997,0.10200000000000001,0.34573,0.417298,0.09422999999999998,1.3346244526776685
0.1909,0.473,0.27552999999999994,483.35,485.46,466.88,481.38,27687736.0,1.3346244526776685,1.160966018322146,1105.803135344505,1.2283845022990658,17.136500129435333,True,2,0.19138499999999997,0.25595249999999997,0.10200000000000001,0.34573,0.417298,-0.99090115916739
0.14488,0.08117999999999999,0.12577,477.55,482.72,474.335,476.61,2660794.0,-0.99090115916739,0.7150472973445458,-90.3899907164674,-1.0971411095459926,14.794135132457344,True,5,0.27552999999999994,0.19138499999999997,0.25595249999999997,0.10200000000000001,0.34573,-0.28744675940496345
0.072475,0.17322500000000002,0.10269999999999999,480.3,484.29,473.175,475.24,2045599.0,-0.28744675940496345,0.5226808665107356,-23.120730127924215,-0.39368670978356607,14.531201214104868,True,4,0.12577,0.27552999999999994,0.19138499999999997,0.25595249999999997,0.10200000000000001,0.0
0.30405,0.4375,0.344085,480.3,484.29,473.175,475.24,2045599.0,0.0,0.5226808665107356,0.0,-0.10623995037860262,14.531201214104868,False,2,0.10269999999999999,0.12577,0.27552999999999994,0.19138499999999997,0.25595249999999997,0.36192239710461926
0.17,0.26044999999999996,0.19713499999999998,475.72,478.87,473.33,476.96,981171.0,0.36192239710461926,0.4434939849845476,-52.03502739295433,0.25568244672601664,13.796502035283547,True,2,0.344085,0.10269999999999999,0.12577,0.27552999999999994,0.19138499999999997,0.0
0.6369,0.7184,0.66135,475.72,478.87,473.33,476.96,981171.0,0.0,0.39523320768214415,0.0,-0.10623995037860262,13.796502035283547,False,1,0.19713499999999998,0.344085,0.10269999999999999,0.12577,0.27552999999999994,3.430057027843003
-0.1589,0.4801333333333333,0.03281,477.28,494.0,477.0,493.32,2160288.0,3.430057027843003,0.8584428533191187,120.17446500151352,3.3238170774644007,14.585752104105582,True,3,0.66135,0.19713499999999998,0.344085,0.10269999999999999,0.12577,1.8365361225979093
0.03355454545454545,0.4556454545454546,0.16018181818181818,493.5,506.4729,490.2277,502.38,2489107.0,1.8365361225979093,0.9318638394785108,15.221072375535115,1.7302961722193066,14.727434569577992,True,11,0.03281,0.66135,0.19713499999999998,0.344085,0.10269999999999999,-1.7655957641625863
0.15166666666666664,0.25895,0.18385166666666666,492.6,495.06,480.66,493.51,2241048.0,-1.7655957641625863,0.9635560482748663,-9.965782909292365,-1.871835714541189,14.622454171563051,True,6,0.16018181818181818,0.03281,0.66135,0.19713499999999998,0.344085,1.0374663127393546
0.0,0.296,0.08879999999999999,495.22,499.02,487.69,498.63,1841230.0,1.0374663127393546,0.6284945008623325,-17.840670971795337,0.931226362360752,14.425944384513969,True,1,0.18385166666666666,0.16018181818181818,0.03281,0.66135,0.19713499999999998,0.0
0.0,0.3389,0.10166999999999998,495.22,499.02,487.69,498.63,1841230.0,0.0,0.6284945008623325,0.0,-0.10623995037860262,14.425944384513969,False,2,0.08879999999999999,0.18385166666666666,0.16018181818181818,0.03281,0.66135,-3.230852535948503
0.0,0.4215,0.12644999999999998,496.52,497.0,481.0,482.52,2903253.0,-3.230852535948503,0.8537347037306176,57.680083422494754,-3.3370924863271054,14.881342390432193,True,1,0.10166999999999998,0.08879999999999999,0.18385166666666666,0.16018181818181818,0.03281,-2.2672635331178026
0.087175,0.1202,0.0970825,480.0,488.4291,465.3401,471.58,2783808.0,-2.2672635331178026,0.9688367991967377,-4.11417813053151,-2.373503483496405,14.839330332540975,True,4,0.12644999999999998,0.10166999999999998,0.08879999999999999,0.18385166666666666,0.16018181818181818,1.1302430128504293
0.27973333333333333,0.23926666666666666,0.26759333333333335,474.98,478.94,469.505,476.91,1948991.0,1.1302430128504293,1.0195856738569589,-29.988310975469567,1.0240030624718266,14.482822360726342,True,3,0.0970825,0.12644999999999998,0.10166999999999998,0.08879999999999999,0.18385166666666666,0.6709861399425421
0.128,0.4588,0.22724,477.0,487.8199,475.0,480.11,1607411.0,0.6709861399425421,1.0392606168638836,-17.52599165414309,0.5647461895639394,14.290135368086847,True,1,0.26759333333333335,0.0970825,0.12644999999999998,0.10166999999999998,0.08879999999999999,0.6665139238924311
0.5719,0.0,0.40032999999999996,479.585,484.6,474.54,483.31,1432067.0,0.6665139238924311,1.0572594223791212,-10.908473315163326,0.5602739735138285,14.174629413117714,False,1,0.22724,0.26759333333333335,0.0970825,0.12644999999999998,0.10166999999999998,0.0
0.10746666666666667,0.3195666666666667,0.17109666666666667,479.585,484.6,474.54,483.31,1432067.0,0.0,1.0572594223791212,0.0,-0.10623995037860262,14.174629413117714,False,3,0.40032999999999996,0.22724,0.26759333333333335,0.0970825,0.12644999999999998,-1.8497444704227095
0.11682000000000001,0.16852,0.13232999999999998,479.91,483.82,471.7001,474.37,1915549.0,-1.8497444704227095,1.064014173811394,33.76112989126905,-1.9559844208013122,14.465514823583964,True,5,0.17109666666666667,0.40032999999999996,0.22724,0.26759333333333335,0.0970825,-5.421928030861989
0.3005,0.745625,0.43403749999999997,479.5,482.67,446.78,448.65,3386824.0,-5.421928030861989,1.5434591298787284,76.80696239041653,-5.528167981240592,15.035403167060334,True,4,0.13232999999999998,0.17109666666666667,0.40032999999999996,0.22724,0.26759333333333335,1.2281288309372584
0.331775,0.38745,0.34847749999999994,453.92,460.78,450.01,454.16,1858703.0,1.2281288309372584,1.37381055898584,-45.119586964070166,1.1218888805586558,14.435389490626454,True,4,0.43403749999999997,0.13232999999999998,0.17109666666666667,0.40032999999999996,0.22724,1.479654747225645
0.17,0.148,0.1634,445.27,464.465,444.17,460.88,1834616.0,1.479654747225645,1.3934153559782543,-1.2959036489422981,1.3734147968470423,14.4223457532668,True,2,0.34847749999999994,0.43403749999999997,0.13232999999999998,0.17109666666666667,0.40032999999999996,0.0
-0.2732,-0.4782,-0.3347,445.27,464.465,444.17,460.88,1834616.0,0.0,1.3803375062220853,0.0,-0.10623995037860262,14.4223457532668,False,1,0.1634,0.34847749999999994,0.43403749999999997,0.13232999999999998,0.17109666666666667,-0.9959208470751602
0.0,0.2732,0.08195999999999999,462.0,462.5,451.0,456.29,1659292.0,-0.9959208470751602,1.3757834298983243,-9.556441238929558,-1.1021607974537628,14.321901563329066,True,1,-0.3347,0.1634,0.34847749999999994,0.43403749999999997,0.13232999999999998,1.1724999452102702
0.0,0.0,0.0,456.82,462.69,455.9,461.64,522347.0,1.1724999452102702,1.4127376717454974,-68.51988679509091,1.0662599948316676,13.16608739697358,True,1,0.08195999999999999,-0.3347,0.1634,0.34847749999999994,0.43403749999999997,-0.7928255783727467
0.05429999999999999,0.69765,0.247305,458.0,460.91,455.28,457.98,1146080.0,-0.7928255783727467,1.4173740264657573,119.40970274549292,-0.8990655287513494,13.951857981848278,True,2,0.0,0.08195999999999999,-0.3347,0.1634,0.34847749999999994,-0.32752521944189317
0.34,0.8657,0.49771,456.12,459.0,449.495,456.48,963814.0,-0.32752521944189317,1.367449109253616,-15.903427334915543,-0.4337651698204958,13.778653608918106,True,1,0.247305,0.0,0.08195999999999999,-0.3347,0.1634,0.0
0.6369,0.765,0.67533,456.12,459.0,449.495,456.48,963814.0,0.0,1.367449109253616,0.0,-0.10623995037860262,13.778653608918106,False,1,0.49771,0.247305,0.0,0.08195999999999999,-0.3347,-1.027427269540837
0.4404,0.5719,0.47985,450.0,455.17,444.85,451.79,1604819.0,-1.027427269540837,1.379462642053309,66.50712689377826,-1.1336672199194398,14.288521535601278,True,1,0.67533,0.49771,0.247305,0.0,0.08195999999999999,-0.9761172226034232
0.5859,0.2716,0.49160999999999994,451.76,453.11,446.21,447.38,763812.0,-0.9761172226034232,1.3879793450883984,-52.4050998897695,-1.0823571729820258,13.546076964569226,False,1,0.47985,0.67533,0.49771,0.247305,0.0,2.326880951316568
0.0,0.32985,0.09895499999999999,450.58,460.27,443.21,457.79,1092708.0,2.326880951316568,1.5055031907883671,43.059810529292555,2.2206410009379653,13.904169576846211,True,2,0.49160999999999994,0.47985,0.67533,0.49771,0.247305,1.9441228510889141
0.0,0.6705,0.20115,459.95,472.8,459.5,466.69,1185911.0,1.9441228510889141,0.9511738030763984,8.52954311673384,1.8378829007103115,13.986021813565488,True,1,0.09895499999999999,0.49160999999999994,0.47985,0.67533,0.49771,0.0
0.148,0.6305000000000001,0.29274999999999995,459.95,472.8,459.5,466.69,1185911.0,0.0,0.9511738030763984,0.0,-0.10623995037860262,13.986021813565488,False,2,0.20115,0.09895499999999999,0.49160999999999994,0.47985,0.67533,0.4799760011999332
0.10115,0.39225,0.18847999999999998,469.44,474.3134,460.6001,468.93,1752124.0,0.4799760011999332,0.9229702062483497,47.74498254928068,0.3737360508213306,14.37633932422966,True,2,0.29274999999999995,0.20115,0.09895499999999999,0.49160999999999994,0.47985,-1.066257223892697
0.0,0.036000000000000004,0.010800000000000004,472.0,472.97,454.7133,463.93,1261128.0,-1.066257223892697,0.9628835931942737,-28.022902488636646,-1.1724971742712997,14.047517116536278,True,2,0.18847999999999998,0.29274999999999995,0.20115,0.09895499999999999,0.49160999999999994,3.4056862026598855
0.17,0.3592,0.22676000000000002,462.71,482.0599,460.93,479.73,2154777.0,3.4056862026598855,1.1790401760924205,70.86108626562886,3.299446252281283,14.58319779588711,True,2,0.010800000000000004,0.18847999999999998,0.29274999999999995,0.20115,0.09895499999999999,-4.210701853125731
0.50335,0.6502,0.5474049999999999,476.0,479.43,456.25,459.53,2966474.0,-4.210701853125731,1.538978153053633,37.66965212641493,-4.316941803504334,14.902884600105093,True,2,0.22676000000000002,0.010800000000000004,0.18847999999999998,0.29274999999999995,0.20115,0.8835114138358691
0.3818,-0.5622,0.09859999999999994,463.39,469.39,460.33,463.59,1140718.0,0.8835114138358691,1.5112628245327404,-61.54633413271109,0.7772714634572664,13.947168446675832,True,1,0.5474049999999999,0.22676000000000002,0.010800000000000004,0.18847999999999998,0.29274999999999995,5.845682607476443
0.2482,0.40296666666666664,0.29463,476.12,492.18,476.06,490.69,2053740.0,5.845682607476443,1.9776370701350368,80.0392384445586,5.7394426570978405,14.535173079179946,True,3,0.09859999999999994,0.5474049999999999,0.22676000000000002,0.010800000000000004,0.18847999999999998,-1.051580427561194
0.49595,0.81035,0.59027,487.0,490.78,480.005,485.53,2021656.0,-1.051580427561194,1.9974880308257672,-1.5622230662109104,-1.1578203779397966,14.519427535503485,False,2,0.29463,0.09859999999999994,0.5474049999999999,0.22676000000000002,0.010800000000000004,0.4078017836179004
0.11235,0.33525,0.17922,497.36,500.86,476.52,487.51,2133343.0,0.4078017836179004,1.9479547846167589,5.524530384991322,0.3015618332392978,14.573200790901524,True,2,0.59027,0.29463,0.09859999999999994,0.5474049999999999,0.22676000000000002,1.241000184611596
0.4456333333333333,0.5055666666666667,0.46361333333333327,509.0,510.84,493.03,493.56,1867070.0,1.241000184611596,1.9075512554103917,-12.48149031824699,1.1347602342329932,14.43988091512577,True,3,0.17922,0.59027,0.29463,0.09859999999999994,0.5474049999999999,3.418024151065735
0.39185,0.1421,0.316925,507.82,512.01,501.475,510.43,1778329.0,3.418024151065735,1.9969663544924934,-4.752955165044693,3.3117842006871325,14.391184717308393,False,2,0.46361333333333327,0.17922,0.59027,0.29463,0.09859999999999994,0.6954920361263994
0.0,0.5574,0.16722,495.11,516.5829,488.04,513.98,2445419.0,0.6954920361263994,1.9976176920094257,37.51218137926109,0.5892520857477967,14.709727036352072,True,1,0.316925,0.46361333333333327,0.17922,0.59027,0.29463,7.033347601073969
0.1909,0.0,0.13362999999999997,544.0,558.31,541.585,550.13,2045476.0,7.033347601073969,2.44001413887254,-16.354784190357563,6.927107650695366,14.531141083210159,True,2,0.16722,0.316925,0.46361333333333327,0.17922,0.59027,-0.2872048424917839
0.0,0.7269,0.21806999999999999,550.0,560.36,546.56,548.55,1562330.0,-0.2872048424917839,2.378039043292922,-23.620223361212744,-0.39344479287038653,14.261688854673544,True,1,0.13362999999999997,0.16722,0.316925,0.46361333333333327,0.17922,13.347917236350382
0.0526875,0.31420000000000003,0.13114125,595.99,623.4,581.07,621.77,6757342.0,13.347917236350382,3.685324110605591,332.51694584370784,13.241677285971779,15.726140175431347,True,8,0.21806999999999999,0.13362999999999997,0.16722,0.316925,0.46361333333333327,0.6803158724287162
0.6124,0.8316,0.67816,608.85,630.77,607.3,626.0,4609123.0,0.6803158724287162,3.299468576615535,-31.7908876004796,0.5740759220501135,15.343548158263458,True,1,0.13114125,0.21806999999999999,0.13362999999999997,0.16722,0.316925,-0.4808306709265131
0.0,0.8591,0.25772999999999996,628.37,632.45,620.69,622.99,2318501.0,-0.4808306709265131,3.3184247537943574,-49.69756719445326,-0.5870706213051158,14.656431414126908,True,1,0.67816,0.13114125,0.21806999999999999,0.13362999999999997,0.16722,2.3595884364115083
0.03790000000000001,0.48009999999999997,0.17055999999999996,629.59,642.27,621.23,637.69,2133450.0,2.3595884364115083,3.3123715613297344,-7.981493214796975,2.253348486032906,14.573250945666484,True,3,0.25772999999999996,0.67816,0.13114125,0.21806999999999999,0.13362999999999997,-2.280104753093204
0.0,0.4404,0.13212,628.0,635.45,619.002,623.15,1662124.0,-2.280104753093204,3.4133251001429947,-22.092198082917335,-2.3863447034718064,14.323606860519359,True,1,0.17055999999999996,0.25772999999999996,0.67816,0.13114125,0.21806999999999999,4.03915590146835
0.0,0.3818,0.11453999999999999,647.12,652.6279,640.05,648.32,1630535.0,4.03915590146835,3.437078322865398,-1.9005200574686354,3.9329159510897473,14.304418739789158,True,1,0.13212,0.17055999999999996,0.25772999999999996,0.67816,0.13114125,-1.5640424481737525
0.0,0.0,0.0,643.76,648.0,626.1,638.18,2120601.0,-1.5640424481737525,3.484609055510381,30.055533919848386,-1.6702823985523552,14.567210097038375,True,2,0.11453999999999999,0.13212,0.17055999999999996,0.25772999999999996,0.67816,0.0
0.31845,0.77275,0.45474000000000003,643.76,648.0,626.1,638.18,2120601.0,0.0,3.2115381363227318,0.0,-0.10623995037860262,14.567210097038375,False,2,0.0,0.11453999999999999,0.13212,0.17055999999999996,0.25772999999999996,-1.1940204957848866
0.25,-0.1027,0.14418999999999998,639.04,646.98,625.64,630.56,1934356.0,-1.1940204957848866,3.233881159755893,-8.782651710529233,-1.3002604461634892,14.475285012512837,True,1,0.45474000000000003,0.0,0.11453999999999999,0.13212,0.17055999999999996,1.930030449124609
-0.020199999999999996,0.7848666666666667,0.22132,638.0,643.0,624.25,642.73,1474374.0,1.930030449124609,1.3526433680122343,-23.77959382864374,1.8237904987460063,14.20374405089035,True,3,0.14418999999999998,0.45474000000000003,0.0,0.11453999999999999,0.13212,-0.9272945093585228
0.247175,0.174125,0.22525999999999996,635.5,638.79,615.15,636.77,1907651.0,-0.9272945093585228,1.3746531281736862,29.387183984524956,-1.0335344597371254,14.461383200213433,True,4,0.22132,0.14418999999999998,0.45474000000000003,0.0,0.11453999999999999,-4.615481256968767
0.0,0.54125,0.162375,636.37,639.012,605.557,607.38,2198670.0,-4.615481256968767,1.7369686482911524,15.255358553529973,-4.72172120734737,14.603363190062714,True,2,0.22525999999999996,0.22132,0.14418999999999998,0.45474000000000003,0.0,-0.9499818894267098
0.0,0.0,0.0,612.3,621.91,592.98,601.61,2078629.0,-0.9499818894267098,1.7355503669431833,-5.4597097336116835,-1.0562218398053125,14.547219099737394,True,1,0.162375,0.22525999999999996,0.22132,0.14418999999999998,0.45474000000000003,-2.1675171622812073
0.3612,0.4215,0.37929,597.22,599.12,575.535,588.57,2822820.0,-2.1675171622812073,1.6840842877511712,35.802011806820744,-2.2737571126598097,14.85324694324738,True,1,0.0,0.162375,0.22525999999999996,0.22132,0.14418999999999998,2.4737924121174926
0.04485000000000001,0.17223333333333332,0.08306499999999999,595.62,608.5294,592.89,603.13,2629946.0,2.4737924121174926,1.8007656537560028,-6.832670875224068,2.36755246173889,14.782473871623765,True,6,0.37929,0.0,0.162375,0.22525999999999996,0.22132,-2.0509674531195565
0.10115,0.10115,0.10114999999999999,611.0,613.0,586.0,590.76,1191837.0,-2.0509674531195565,1.4586651687778325,-54.68207332013662,-2.157207403498159,13.991006372290544,True,2,0.08306499999999999,0.37929,0.0,0.162375,0.22525999999999996,2.919967499492171
0.0,-0.0387,-0.011609999999999999,584.25,609.92,580.0,608.01,4531895.0,2.919967499492171,1.6184258300796777,280.24453008255324,2.8137275491135685,15.326650732282644,True,1,0.10114999999999999,0.08306499999999999,0.37929,0.0,0.162375,
